{
  "employees": [
    {
      "first_name": "sachin",
      "last_name": " tendulkar",
      "email": "sachin@gmail.com",
      "id": 1
    },
    {
      "first_name": "hj",
      "last_name": "hjh",
      "email": "sanjaysamantra1@gmail.com",
      "id": 2
    },
    {
      "first_name": "asdfasdf",
      "last_name": "asdfasd",
      "email": "asdf@jaskdjka.com",
      "id": 3
    },
    {
      "first_name": "aaa",
      "last_name": "bbb",
      "email": "sanjaysamantra2@gmail.com",
      "id": 4
    }
  ]
}